cellid , 59,TargetCellId , 222
cellid , 484,TargetCellId , 363
cellid , 363,TargetCellId , 484
cellid , 185,TargetCellId , 253
cellid , 150,TargetCellId , 74
cellid , 253,TargetCellId , 450
cellid , 150,TargetCellId , 451
cellid , 363,TargetCellId , 244
cellid , 417,TargetCellId , 185
cellid , 150,TargetCellId , 1
cellid , 59,TargetCellId , 222
cellid , 253,TargetCellId , 48
cellid , 152,TargetCellId , 244
cellid , 284,TargetCellId , 451
cellid , 451,TargetCellId , 444
cellid , 451,TargetCellId , 444
cellid , 150,TargetCellId , 74
cellid , 244,TargetCellId , 222
cellid , 484,TargetCellId , 450
cellid , 1,TargetCellId , 284
cellid , 253,TargetCellId , 48
cellid , 48,TargetCellId , 253
cellid , 74,TargetCellId , 417
cellid , 484,TargetCellId , 363
cellid , 253,TargetCellId , 185
